{
  "produtos": [
    {
      "id": "1",
      "nome": "Ficus Retusa",
      "descricao": "Bonsai clássico, ideal para iniciantes, fácil de cuidar e resistente.",
      "valor": 299.90,
      "porcentagemDesconto": 25,
      "imagem": {
          "urlImagem1": "https://github.com/eimmig/bonsai-ecommerce/raw/main/assets/images/products/ficus-retusa2.jpeg",
          "urlImagem2": "https://github.com/eimmig/bonsai-ecommerce/raw/main/assets/images/products/ficus-retusa3.jpeg",
          "urlImagem3": "https://github.com/eimmig/bonsai-ecommerce/raw/main/assets/images/products/ficus-retusa4.jpeg",
          "urlImagemDestaque": "https://github.com/eimmig/bonsai-ecommerce/raw/main/assets/images/products/ficus-retusa1.jpeg"
      }
    },
    {
      "id": "2",
      "nome": "Juniperus Chinensis",
      "descricao": "Bonsai estilo cascata, ideal para decoração em ambientes naturais.",
      "valor": 349.90,
      "porcentagemDesconto": 10,
      "imagem": {
          "urlImagem1": "https://github.com/eimmig/bonsai-ecommerce/raw/main/assets/images/products/juniperus-chinensis2.jpeg",
          "urlImagem2": "https://github.com/eimmig/bonsai-ecommerce/raw/main/assets/images/products/juniperus-chinensis3.jpeg",
          "urlImagem3": "https://github.com/eimmig/bonsai-ecommerce/raw/main/assets/images/products/juniperus-chinensis4.jpeg",
          "urlImagemDestaque": "https://github.com/eimmig/bonsai-ecommerce/raw/main/assets/images/products/juniperus-chinensis1.jpeg"
      }
    },
    {
      "id": "3",
      "nome": "Carmona Microphylla",
      "descricao": "Bonsai compacto, ideal para mesa de escritório, requer pouca luz.",
      "valor": 179.90,
      "porcentagemDesconto": 0,
      "imagem": {
          "urlImagem1": "https://github.com/eimmig/bonsai-ecommerce/raw/main/assets/images/products/carmona-microphylla2.jpeg",
          "urlImagem2": "https://github.com/eimmig/bonsai-ecommerce/raw/main/assets/images/products/carmona-microphylla3.jpeg",
          "urlImagem3": "https://github.com/eimmig/bonsai-ecommerce/raw/main/assets/images/products/carmona-microphylla4.jpeg",
          "urlImagemDestaque": "https://github.com/eimmig/bonsai-ecommerce/raw/main/assets/images/products/carmona-microphylla1.jpeg"
      }
    },
    {
      "id": "4",
      "nome": "Pinus Pentaphylla",
      "descricao": "Bonsai tradicional japonês, resistente e indicado para áreas externas.",
      "valor": 459.90,
      "porcentagemDesconto": 15,
      "imagem": {
          "urlImagem1": "https://github.com/eimmig/bonsai-ecommerce/raw/main/assets/images/products/pinus-pentaphylla2.jpeg",
          "urlImagem2": "https://github.com/eimmig/bonsai-ecommerce/raw/main/assets/images/products/pinus-pentaphylla3.jpeg",
          "urlImagem3": "https://github.com/eimmig/bonsai-ecommerce/raw/main/assets/images/products/pinus-pentaphylla4.jpeg",
          "urlImagemDestaque": "https://github.com/eimmig/bonsai-ecommerce/raw/main/assets/images/products/pinus-pentaphylla1.jpeg"
      }
    },
    {
      "id": "5",
      "nome": "Acer Palmatum",
      "descricao": "Bonsai de bordo japonês, coloração vermelha vibrante no outono.",
      "valor": 529.90,
      "porcentagemDesconto": 20,
      "imagem": {
          "urlImagem1": "https://github.com/eimmig/bonsai-ecommerce/raw/main/assets/images/products/acer-palmatum2.jpeg",
          "urlImagem2": "https://github.com/eimmig/bonsai-ecommerce/raw/main/assets/images/products/acer-palmatum3.jpeg",
          "urlImagem3": "https://github.com/eimmig/bonsai-ecommerce/raw/main/assets/images/products/acer-palmatum4.jpeg",
          "urlImagemDestaque": "https://github.com/eimmig/bonsai-ecommerce/raw/main/assets/images/products/acer-palmatum1.jpeg"
      }
    },
    {
      "id": "6",
      "nome": "Zelkova Serrata",
      "descricao": "Bonsai elegante com folhagem delicada, adaptável a diversos ambientes.",
      "valor": 399.90,
      "porcentagemDesconto": 5,
      "imagem": {
          "urlImagem1": "https://github.com/eimmig/bonsai-ecommerce/raw/main/assets/images/products/zelkova-serrata2.jpeg",
          "urlImagem2": "https://github.com/eimmig/bonsai-ecommerce/raw/main/assets/images/products/zelkova-serrata3.jpeg",
          "urlImagem3": "https://github.com/eimmig/bonsai-ecommerce/raw/main/assets/images/products/zelkova-serrata4.jpeg",
          "urlImagemDestaque": "https://github.com/eimmig/bonsai-ecommerce/raw/main/assets/images/products/zelkova-serrata1.jpeg"
      }
    },
    {
      "id": "7",
      "nome": "Sakura Bonsai",
      "descricao": "Bonsai de cerejeira, floresce na primavera com lindas flores rosa.",
      "valor": 219.90,
      "porcentagemDesconto": 0,
      "imagem": {
          "urlImagem1": "https://github.com/eimmig/bonsai-ecommerce/raw/main/assets/images/products/sakura2.jpeg",
          "urlImagem2": "https://github.com/eimmig/bonsai-ecommerce/raw/main/assets/images/products/sakura3.jpeg",
          "urlImagem3": "https://github.com/eimmig/bonsai-ecommerce/raw/main/assets/images/products/sakura4.jpeg",
          "urlImagemDestaque": "https://github.com/eimmig/bonsai-ecommerce/raw/main/assets/images/products/sakura1.jpeg"
      }
    },
    {
      "id": "8",
      "nome": "Caliandra Spinosa",
      "descricao": "Bonsai tropical com flores vermelhas vibrantes, ideal para climas quentes.",
      "valor": 399.90,
      "porcentagemDesconto": 0,
      "imagem": {
          "urlImagem1": "https://github.com/eimmig/bonsai-ecommerce/raw/main/assets/images/products/caliandra-spinosa2.jpeg",
          "urlImagem2": "https://github.com/eimmig/bonsai-ecommerce/raw/main/assets/images/products/caliandra-spinosa3.jpeg",
          "urlImagem3": "https://github.com/eimmig/bonsai-ecommerce/raw/main/assets/images/products/carmona-microphylla4.jpeg",
          "urlImagemDestaque": "https://github.com/eimmig/bonsai-ecommerce/raw/main/assets/images/products/caliandra-spinosa1.jpeg"
      }
    }
  ]
}
